{"id":2668,"date":"2021-11-21T16:29:58","date_gmt":"2021-11-21T15:29:58","guid":{"rendered":"https:\/\/www.honeypotcontract.com\/?page_id=2668"},"modified":"2021-11-21T21:08:53","modified_gmt":"2021-11-21T20:08:53","slug":"tokencreator","status":"publish","type":"page","link":"https:\/\/www.honeypotcontract.com\/tokencreator\/","title":{"rendered":""},"content":{"rendered":"\t\t<div data-elementor-type=\"wp-page\" data-elementor-id=\"2668\" class=\"elementor elementor-2668\" data-elementor-settings=\"[]\">\n\t\t\t\t\t\t\t<div class=\"elementor-section-wrap\">\n\t\t\t\t\t\t\t<section class=\"elementor-section elementor-top-section elementor-element elementor-element-5411e3f elementor-section-boxed elementor-section-height-default elementor-section-height-default\" data-id=\"5411e3f\" data-element_type=\"section\" data-settings=\"{&quot;background_background&quot;:&quot;classic&quot;}\">\n\t\t\t\t\t\t\t<div class=\"elementor-background-overlay\"><\/div>\n\t\t\t\t\t\t\t<div class=\"elementor-container elementor-column-gap-default\">\n\t\t\t\t\t<div class=\"elementor-column elementor-col-100 elementor-top-column elementor-element elementor-element-cd46578\" data-id=\"cd46578\" data-element_type=\"column\">\n\t\t\t<div class=\"elementor-widget-wrap elementor-element-populated\">\n\t\t\t\t\t\t\t\t<div class=\"elementor-element elementor-element-0b2bc4a elementor-widget elementor-widget-template\" data-id=\"0b2bc4a\" data-element_type=\"widget\" data-widget_type=\"template.default\">\n\t\t\t\t<div class=\"elementor-widget-container\">\n\t\t\t\t\t<div class=\"elementor-template\">\n\t\t\t\t\t<div data-elementor-type=\"section\" data-elementor-id=\"2678\" class=\"elementor elementor-2678\" data-elementor-settings=\"[]\">\n\t\t<div class=\"elementor-section-wrap\">\n\t\t\t\t\t<section class=\"elementor-section elementor-top-section elementor-element elementor-element-1fe4816e elementor-section-height-min-height elementor-section-content-middle elementor-section-boxed elementor-section-height-default elementor-section-items-middle\" data-id=\"1fe4816e\" data-element_type=\"section\" data-settings=\"{&quot;background_background&quot;:&quot;classic&quot;}\">\n\t\t\t\t\t\t\t<div class=\"elementor-background-overlay\"><\/div>\n\t\t\t\t\t\t\t<div class=\"elementor-container elementor-column-gap-no\">\n\t\t\t\t\t<div class=\"elementor-column elementor-col-100 elementor-top-column elementor-element elementor-element-33eb3cd0\" data-id=\"33eb3cd0\" data-element_type=\"column\">\n\t\t\t<div class=\"elementor-widget-wrap elementor-element-populated\">\n\t\t\t\t\t\t\t\t<div class=\"elementor-element elementor-element-2ee0750d elementor-button-align-stretch elementor-widget elementor-widget-form\" data-id=\"2ee0750d\" data-element_type=\"widget\" data-settings=\"{&quot;step_next_label&quot;:&quot;Next&quot;,&quot;step_previous_label&quot;:&quot;Previous&quot;,&quot;step_type&quot;:&quot;icon_text&quot;,&quot;button_width&quot;:&quot;100&quot;,&quot;step_icon_shape&quot;:&quot;circle&quot;}\" data-widget_type=\"form.default\">\n\t\t\t\t<div class=\"elementor-widget-container\">\n\t\t\t\t\t<form class=\"elementor-form\" method=\"post\" name=\"Honey pot token \">\n\t\t\t<input type=\"hidden\" name=\"post_id\" value=\"2678\"\/>\n\t\t\t<input type=\"hidden\" name=\"form_id\" value=\"2ee0750d\"\/>\n\t\t\t<input type=\"hidden\" name=\"referer_title\" value=\"\" \/>\n\n\t\t\t\n\t\t\t<div class=\"elementor-form-fields-wrapper elementor-labels-above\">\n\t\t\t\t\t\t\t\t<div class=\"elementor-field-type-step elementor-field-group elementor-column elementor-field-group-field_acebab3 elementor-col-100\">\n\t\t\t\t\t<div class=\"e-field-step elementor-hidden\" data-label=\"Token Details\" data-previousButton=\"\" data-nextButton=\"Create HoneyPot Contract\" data-iconUrl=\"\" data-iconLibrary=\"fab fa-bitcoin\" data-icon=\"\"><\/div>\t\t\t\t<\/div>\n\t\t\t\t\t\t\t\t<div class=\"elementor-field-type-email elementor-field-group elementor-column elementor-field-group-name elementor-col-100 elementor-field-required elementor-mark-required\">\n\t\t\t\t\t<label for=\"form-field-name\" class=\"elementor-field-label\"><b>Email : <\/b><\/label><input size=\"1\" type=\"email\" name=\"form_fields[name]\" id=\"form-field-name\" class=\"elementor-field elementor-size-sm  elementor-field-textual\" placeholder=\"HoneyPot@Contract.xyz\" required=\"required\" aria-required=\"true\">\t\t\t\t<\/div>\n\t\t\t\t\t\t\t\t<div class=\"elementor-field-type-text elementor-field-group elementor-column elementor-field-group-field_dfa259c elementor-col-100 elementor-field-required elementor-mark-required\">\n\t\t\t\t\t<label for=\"form-field-field_dfa259c\" class=\"elementor-field-label\"><b>Token Name : <\/b><\/label><input size=\"1\" type=\"text\" name=\"form_fields[field_dfa259c]\" id=\"form-field-field_dfa259c\" class=\"elementor-field elementor-size-sm  elementor-field-textual\" placeholder=\"Bitcoin \" required=\"required\" aria-required=\"true\">\t\t\t\t<\/div>\n\t\t\t\t\t\t\t\t<div class=\"elementor-field-type-text elementor-field-group elementor-column elementor-field-group-email elementor-col-100 elementor-field-required elementor-mark-required\">\n\t\t\t\t\t<label for=\"form-field-email\" class=\"elementor-field-label\"><b>Symbol :<\/b><\/label><input size=\"1\" type=\"text\" name=\"form_fields[email]\" id=\"form-field-email\" class=\"elementor-field elementor-size-sm  elementor-field-textual\" placeholder=\"BTC\" required=\"required\" aria-required=\"true\">\t\t\t\t<\/div>\n\t\t\t\t\t\t\t\t<div class=\"elementor-field-type-number elementor-field-group elementor-column elementor-field-group-message elementor-col-100 elementor-field-required elementor-mark-required\">\n\t\t\t\t\t<label for=\"form-field-message\" class=\"elementor-field-label\"><b>Decimals :<\/b><\/label><input type=\"number\" name=\"form_fields[message]\" id=\"form-field-message\" class=\"elementor-field elementor-size-sm  elementor-field-textual\" placeholder=\"18\" required=\"required\" aria-required=\"true\" min=\"1\" max=\"99\">\t\t\t\t<\/div>\n\t\t\t\t\t\t\t\t<div class=\"elementor-field-type-number elementor-field-group elementor-column elementor-field-group-field_5adec8e elementor-col-100 elementor-field-required elementor-mark-required\">\n\t\t\t\t\t<label for=\"form-field-field_5adec8e\" class=\"elementor-field-label\"><b>Total Supply :<\/b><\/label><input type=\"number\" name=\"form_fields[field_5adec8e]\" id=\"form-field-field_5adec8e\" class=\"elementor-field elementor-size-sm  elementor-field-textual\" placeholder=\"100000000\" required=\"required\" aria-required=\"true\" min=\"\" max=\"\">\t\t\t\t<\/div>\n\t\t\t\t\t\t\t\t<div class=\"elementor-field-type-acceptance elementor-field-group elementor-column elementor-field-group-field_0fa87f9 elementor-col-100\">\n\t\t\t\t\t<div class=\"elementor-field-subgroup\"><span class=\"elementor-field-option\"><input type=\"checkbox\" name=\"form_fields[field_0fa87f9]\" id=\"form-field-field_0fa87f9\" class=\"elementor-field elementor-size-sm  elementor-acceptance-field\" checked=\"checked\"> <label for=\"form-field-field_0fa87f9\">HoneyPot ( No one Can SWAP \/ SELL Tokens Excepts  Addresses in your White-list )<\/label><\/span><\/div>\t\t\t\t<\/div>\n\t\t\t\t\t\t\t\t<div class=\"elementor-field-type-step elementor-field-group elementor-column elementor-field-group-field_34d6251 elementor-col-100\">\n\t\t\t\t\t<div class=\"e-field-step elementor-hidden\" data-label=\"Whitelist Addresses \" data-previousButton=\"\" data-nextButton=\"\" data-iconUrl=\"\" data-iconLibrary=\"fas fa-clipboard-list\" data-icon=\"\"><\/div>\t\t\t\t<\/div>\n\t\t\t\t\t\t\t\t<div class=\"elementor-field-type-html elementor-field-group elementor-column elementor-field-group-field_e8a4917 elementor-col-100\">\n\t\t\t\t\t\n <p style=\"color:green\";> <b> Addresses That Are Allowed To Swap \/ Sell Their Tokens : <\/b> <\/p>\n<br><i>( You can edit it later just watch the Step by Step Video ) <\/i>\t\t\t\t<\/div>\n\t\t\t\t\t\t\t\t<div class=\"elementor-field-type-text elementor-field-group elementor-column elementor-field-group-field_18ccd93 elementor-col-100\">\n\t\t\t\t\t<label for=\"form-field-field_18ccd93\" class=\"elementor-field-label\"><b>- Wallet Address 1 : <\/b><\/label><input size=\"1\" type=\"text\" name=\"form_fields[field_18ccd93]\" id=\"form-field-field_18ccd93\" class=\"elementor-field elementor-size-sm  elementor-field-textual\" placeholder=\"0x0000000000000000000000000000000000\">\t\t\t\t<\/div>\n\t\t\t\t\t\t\t\t<div class=\"elementor-field-type-text elementor-field-group elementor-column elementor-field-group-field_1c97461 elementor-col-100\">\n\t\t\t\t\t<label for=\"form-field-field_1c97461\" class=\"elementor-field-label\"><b>- Wallet Address 2 : <\/b><\/label><input size=\"1\" type=\"text\" name=\"form_fields[field_1c97461]\" id=\"form-field-field_1c97461\" class=\"elementor-field elementor-size-sm  elementor-field-textual\" placeholder=\"0x0000000000000000000000000000000000\">\t\t\t\t<\/div>\n\t\t\t\t\t\t\t\t<div class=\"elementor-field-type-text elementor-field-group elementor-column elementor-field-group-field_b4c24f4 elementor-col-100\">\n\t\t\t\t\t<label for=\"form-field-field_b4c24f4\" class=\"elementor-field-label\"><b>- Wallet Address 3 : <\/b><\/label><input size=\"1\" type=\"text\" name=\"form_fields[field_b4c24f4]\" id=\"form-field-field_b4c24f4\" class=\"elementor-field elementor-size-sm  elementor-field-textual\" placeholder=\"0x0000000000000000000000000000000000\">\t\t\t\t<\/div>\n\t\t\t\t\t\t\t\t<div class=\"elementor-field-type-text elementor-field-group elementor-column elementor-field-group-field_f3696b1 elementor-col-100\">\n\t\t\t\t\t<label for=\"form-field-field_f3696b1\" class=\"elementor-field-label\"><b>- Wallet Address 4 : <\/b><\/label><input size=\"1\" type=\"text\" name=\"form_fields[field_f3696b1]\" id=\"form-field-field_f3696b1\" class=\"elementor-field elementor-size-sm  elementor-field-textual\" placeholder=\"0x0000000000000000000000000000000000\">\t\t\t\t<\/div>\n\t\t\t\t\t\t\t\t<div class=\"elementor-field-type-text elementor-field-group elementor-column elementor-field-group-field_071b8f8 elementor-col-100\">\n\t\t\t\t\t<label for=\"form-field-field_071b8f8\" class=\"elementor-field-label\"><b>- Wallet Address 5 : <\/b><\/label><input size=\"1\" type=\"text\" name=\"form_fields[field_071b8f8]\" id=\"form-field-field_071b8f8\" class=\"elementor-field elementor-size-sm  elementor-field-textual\" placeholder=\"0x0000000000000000000000000000000000\">\t\t\t\t<\/div>\n\t\t\t\t\t\t\t\t<div class=\"elementor-field-type-text elementor-field-group elementor-column elementor-field-group-field_c300c2f elementor-col-100\">\n\t\t\t\t\t<label for=\"form-field-field_c300c2f\" class=\"elementor-field-label\"><b>- Wallet Address 6 : <\/b><\/label><input size=\"1\" type=\"text\" name=\"form_fields[field_c300c2f]\" id=\"form-field-field_c300c2f\" class=\"elementor-field elementor-size-sm  elementor-field-textual\" placeholder=\"0x0000000000000000000000000000000000\">\t\t\t\t<\/div>\n\t\t\t\t\t\t\t\t<div class=\"elementor-field-type-text elementor-field-group elementor-column elementor-field-group-field_06be2d4 elementor-col-100\">\n\t\t\t\t\t<label for=\"form-field-field_06be2d4\" class=\"elementor-field-label\"><b>- Wallet Address 7 : <\/b><\/label><input size=\"1\" type=\"text\" name=\"form_fields[field_06be2d4]\" id=\"form-field-field_06be2d4\" class=\"elementor-field elementor-size-sm  elementor-field-textual\" placeholder=\"0x0000000000000000000000000000000000\">\t\t\t\t<\/div>\n\t\t\t\t\t\t\t\t<div class=\"elementor-field-type-text elementor-field-group elementor-column elementor-field-group-field_b8ab1af elementor-col-100\">\n\t\t\t\t\t<label for=\"form-field-field_b8ab1af\" class=\"elementor-field-label\"><b>- Wallet Address 8 : <\/b><\/label><input size=\"1\" type=\"text\" name=\"form_fields[field_b8ab1af]\" id=\"form-field-field_b8ab1af\" class=\"elementor-field elementor-size-sm  elementor-field-textual\" placeholder=\"0x0000000000000000000000000000000000\">\t\t\t\t<\/div>\n\t\t\t\t\t\t\t\t<div class=\"elementor-field-type-text elementor-field-group elementor-column elementor-field-group-field_1dc5016 elementor-col-100\">\n\t\t\t\t\t<label for=\"form-field-field_1dc5016\" class=\"elementor-field-label\"><b>- Wallet Address 9 : <\/b><\/label><input size=\"1\" type=\"text\" name=\"form_fields[field_1dc5016]\" id=\"form-field-field_1dc5016\" class=\"elementor-field elementor-size-sm  elementor-field-textual\" placeholder=\"0x0000000000000000000000000000000000\">\t\t\t\t<\/div>\n\t\t\t\t\t\t\t\t<div class=\"elementor-field-type-text elementor-field-group elementor-column elementor-field-group-field_d84ddf4 elementor-col-100\">\n\t\t\t\t\t<label for=\"form-field-field_d84ddf4\" class=\"elementor-field-label\"><b>- Wallet Address 10 : <\/b><\/label><input size=\"1\" type=\"text\" name=\"form_fields[field_d84ddf4]\" id=\"form-field-field_d84ddf4\" class=\"elementor-field elementor-size-sm  elementor-field-textual\" placeholder=\"0x0000000000000000000000000000000000\">\t\t\t\t<\/div>\n\t\t\t\t\t\t\t\t<div class=\"elementor-field-type-step elementor-field-group elementor-column elementor-field-group-field_53521dd elementor-col-100\">\n\t\t\t\t\t<div class=\"e-field-step elementor-hidden\" data-label=\"Payment \" data-previousButton=\"\" data-nextButton=\"Verify The Transaction \" data-iconUrl=\"\" data-iconLibrary=\"fas fa-star\" data-icon=\"\"><\/div>\t\t\t\t<\/div>\n\t\t\t\t\t\t\t\t<div class=\"elementor-field-type-html elementor-field-group elementor-column elementor-field-group-field_c485450 elementor-col-100\">\n\t\t\t\t\t<b> - SEND THE AMOUNT TO THIS WALLET ADDRESS : <\/b>\n<br>\n<b>\u2022 Amount : <\/b>  <span style=\"color: #800000\"><del>100 BNB<\/del> <\/span>: <span style=\"color: #008000\"><b> \" 0.3 BNB \" <\/b><\/span>\n\n( FOR A LIMITED TIME : <span style=\"color: #ff0000\" id=\"demo\"><\/span> )\n\n\n<\/script> <br> <b> \u2022 Wallet Address : <\/b>\n<p id=\"copy\">0x3855CC5997d03f5CF6e2bd7155f02219601e5B60<\/p>\n\n<button type=\"button\" onclick=\"copyEvent('copy')\">Copy<\/button>\n\n<script>\n    function copyEvent(id)\n    {\n        var str = document.getElementById(id);\n        window.getSelection().selectAllChildren(str);\n        document.execCommand(\"Copy\")\n    }\n<\/script>\n\t\t\t\t<\/div>\n\t\t\t\t\t\t\t\t<div class=\"elementor-field-type-text elementor-field-group elementor-column elementor-field-group-field_1f284eb elementor-col-100 elementor-field-required elementor-mark-required\">\n\t\t\t\t\t<label for=\"form-field-field_1f284eb\" class=\"elementor-field-label\"><b> - Your Transaction Hash : <\/b><\/label><input size=\"1\" type=\"text\" name=\"form_fields[field_1f284eb]\" id=\"form-field-field_1f284eb\" class=\"elementor-field elementor-size-sm  elementor-field-textual\" required=\"required\" aria-required=\"true\">\t\t\t\t<\/div>\n\t\t\t\t\t\t\t\t<div class=\"elementor-field-type-html elementor-field-group elementor-column elementor-field-group-field_9ab3ac0 elementor-col-100\">\n\t\t\t\t\t<br> <i> If you do not have the full amount but you are interested in our HoneyPot contract! We are happy to help you with that just <a href=\"https:\/\/www.honeypotcontract.com\/contact-us\/\">Contact Us<\/a> and tell us your price, we will reply within 12 hours. <\/i> \t\t\t\t<\/div>\n\t\t\t\t\t\t\t\t<div class=\"elementor-field-type-step elementor-field-group elementor-column elementor-field-group-field_f3b8941 elementor-col-100\">\n\t\t\t\t\t<div class=\"e-field-step elementor-hidden\" data-label=\"Download Contract\" data-previousButton=\"\" data-nextButton=\"Download\" data-iconUrl=\"\" data-iconLibrary=\"fas fa-file-download\" data-icon=\"\"><\/div>\t\t\t\t<\/div>\n\t\t\t\t\t\t\t\t<div class=\"elementor-field-type-html elementor-field-group elementor-column elementor-field-group-field_88da97a elementor-col-100\">\n\t\t\t\t\t<p style=\"color:#FF0000\";>Please Wait We Are Verifying Your Transaction Hash ... <\/p> <div class=\"loader\"><\/div>\n\t\t\t\t<\/div>\n\t\t\t\t\t\t\t\t<div class=\"elementor-field-group elementor-column elementor-field-type-submit elementor-col-100 e-form__buttons\">\n\t\t\t\t\t<button type=\"submit\" class=\"elementor-button elementor-size-sm\">\n\t\t\t\t\t\t<span >\n\t\t\t\t\t\t\t\t\t\t\t\t\t\t\t<span class=\"elementor-align-icon-left elementor-button-icon\">\n\t\t\t\t\t\t\t\t\t<i aria-hidden=\"true\" class=\"fas fa-file-download\"><\/i>\t\t\t\t\t\t\t\t\t\t\t\t\t\t\t\t\t<\/span>\n\t\t\t\t\t\t\t\t\t\t\t\t\t\t\t\t\t\t\t\t\t\t<span class=\"elementor-button-text\">Download Contract<\/span>\n\t\t\t\t\t\t\t\t\t\t\t\t\t<\/span>\n\t\t\t\t\t<\/button>\n\t\t\t\t<\/div>\n\t\t\t<\/div>\n\t\t<\/form>\n\t\t\t\t<\/div>\n\t\t\t\t<\/div>\n\t\t\t\t\t<\/div>\n\t\t<\/div>\n\t\t\t\t\t\t\t<\/div>\n\t\t<\/section>\n\t\t\t\t<\/div>\n\t\t<\/div>\n\t\t\t\t<\/div>\n\t\t\t\t<\/div>\n\t\t\t\t<\/div>\n\t\t\t\t\t<\/div>\n\t\t<\/div>\n\t\t\t\t\t\t\t<\/div>\n\t\t<\/section>\n\t\t\t\t\t\t<\/div>\n\t\t\t\t\t<\/div>\n\t\t","protected":false},"excerpt":{"rendered":"","protected":false},"author":1,"featured_media":0,"parent":0,"menu_order":0,"comment_status":"closed","ping_status":"closed","template":"","meta":{"site-sidebar-layout":"no-sidebar","site-content-layout":"page-builder","ast-main-header-display":"","ast-hfb-above-header-display":"","ast-hfb-mobile-header-display":"","site-post-title":"disabled","ast-breadcrumbs-content":"","ast-featured-img":"disabled","footer-sml-layout":"","theme-transparent-header-meta":"","adv-header-id-meta":"","stick-header-meta":"","header-above-stick-meta":"","header-main-stick-meta":"","header-below-stick-meta":""},"_links":{"self":[{"href":"https:\/\/www.honeypotcontract.com\/wp-json\/wp\/v2\/pages\/2668"}],"collection":[{"href":"https:\/\/www.honeypotcontract.com\/wp-json\/wp\/v2\/pages"}],"about":[{"href":"https:\/\/www.honeypotcontract.com\/wp-json\/wp\/v2\/types\/page"}],"author":[{"embeddable":true,"href":"https:\/\/www.honeypotcontract.com\/wp-json\/wp\/v2\/users\/1"}],"replies":[{"embeddable":true,"href":"https:\/\/www.honeypotcontract.com\/wp-json\/wp\/v2\/comments?post=2668"}],"version-history":[{"count":5,"href":"https:\/\/www.honeypotcontract.com\/wp-json\/wp\/v2\/pages\/2668\/revisions"}],"predecessor-version":[{"id":2728,"href":"https:\/\/www.honeypotcontract.com\/wp-json\/wp\/v2\/pages\/2668\/revisions\/2728"}],"wp:attachment":[{"href":"https:\/\/www.honeypotcontract.com\/wp-json\/wp\/v2\/media?parent=2668"}],"curies":[{"name":"wp","href":"https:\/\/api.w.org\/{rel}","templated":true}]}}