{"id":3,"date":"2021-11-01T13:57:50","date_gmt":"2021-11-01T13:57:50","guid":{"rendered":"http:\/\/www.honeypotcontract.com\/?page_id=3"},"modified":"2021-11-05T18:00:05","modified_gmt":"2021-11-05T17:00:05","slug":"privacy-policy","status":"publish","type":"page","link":"https:\/\/www.honeypotcontract.com\/privacy-policy\/","title":{"rendered":"Privacy Policy"},"content":{"rendered":"\n<h1>Privacy Policy for HoneyPot Contract<\/h1>\n\n\n\n<p>At HoneyPot Contract, accessible from www.HoneyPotContract.com, one of our main priorities is the privacy of our visitors. This Privacy Policy document contains types of information that is collected and recorded by HoneyPot Contract and how we use it.<\/p>\n\n\n\n<p>If you have additional questions or require more information about our Privacy Policy, do not hesitate to contact us.<\/p>\n\n\n\n<p>This Privacy Policy applies only to our online activities and is valid for visitors to our website with regards to the information that they shared and\/or collect in HoneyPot Contract. This policy is not applicable to any information collected offline or via channels other than this website.<\/p>\n\n\n\n<h2>Consent<\/h2>\n\n\n\n<p>By using our website, you hereby consent to our Privacy Policy and agree to its terms.<\/p>\n\n\n\n<h2>Information we collect<\/h2>\n\n\n\n<p>The personal information that you are asked to provide, and the reasons why you are asked to provide it, will be made clear to you at the point we ask you to provide your personal information.<\/p>\n\n\n\n<p>If you contact us directly, we may receive additional information about you such as your name, email address, phone number, the contents of the message and\/or attachments you may send us, and any other information you may choose to provide.<\/p>\n\n\n\n<p>When you register for an Account, we may ask for your contact information, including items such as name , Email address .<\/p>\n\n\n\n<h2>How we use your information<\/h2>\n\n\n\n<p>We use the information we collect in various ways, including to:<\/p>\n\n\n\n<ul><li>Provide, operate, and maintain our website<\/li><li>Improve, personalize, and expand our website<\/li><li>Understand and analyze how you use our website<\/li><li>Develop new products, services, features, and functionality<\/li><li>Communicate with you, either directly or through one of our partners, including for customer service, to provide you with updates and other information relating to the website, and for marketing and promotional purposes<\/li><li>Send you emails<\/li><li>Find and prevent fraud<\/li><\/ul>\n\n\n\n<h2>Log Files<\/h2>\n\n\n\n<p>HoneyPot Contract follows a standard procedure of using log files. These files log visitors when they visit websites. All hosting companies do this and a part of hosting services&#8217; analytics. The information collected by log files include internet protocol (IP) addresses, browser type, Internet Service Provider (ISP), date and time stamp, referring\/exit pages, and possibly the number of clicks. These are not linked to any information that is personally identifiable. The purpose of the information is for analyzing trends, administering the site, tracking users&#8217; movement on the website, and gathering demographic information.<\/p>\n\n\n\n<h2>Advertising Partners Privacy Policies<\/h2>\n\n\n\n<p>You may consult this list to find the Privacy Policy for each of the advertising partners of HoneyPot Contract.<\/p>\n\n\n\n<p>Third-party ad servers or ad networks uses technologies like cookies, JavaScript, or Web Beacons that are used in their respective advertisements and links that appear on HoneyPot Contract, which are sent directly to users&#8217; browser. They automatically receive your IP address when this occurs. These technologies are used to measure the effectiveness of their advertising campaigns and\/or to personalize the advertising content that you see on websites that you visit.<\/p>\n\n\n\n<p>Note that HoneyPot Contract has no access to or control over these cookies that are used by third-party advertisers.<\/p>\n\n\n\n<h2>Third Party Privacy Policies<\/h2>\n\n\n\n<p>HoneyPot Contract&#8217;s Privacy Policy does not apply to other advertisers or websites. Thus, we are advising you to consult the respective Privacy Policies of these third-party ad servers for more detailed information. It may include their practices and instructions about how to opt-out of certain options.<\/p>\n\n\n\n<p>You can choose to disable cookies through your individual browser options. To know more detailed information about cookie management with specific web browsers, it can be found at the browsers&#8217; respective websites.<\/p>\n\n\n\n<h2>CCPA Privacy Rights (Do Not Sell My Personal Information)<\/h2>\n\n\n\n<p>Under the CCPA, among other rights, California consumers have the right to:<\/p>\n\n\n\n<p>Request that a business that collects a consumer&#8217;s personal data disclose the categories and specific pieces of personal data that a business has collected about consumers.<\/p>\n\n\n\n<p>Request that a business delete any personal data about the consumer that a business has collected.<\/p>\n\n\n\n<p>Request that a business that sells a consumer&#8217;s personal data, not sell the consumer&#8217;s personal data.<\/p>\n\n\n\n<p>If you make a request, we have one month to respond to you. If you would like to exercise any of these rights, please contact us.<\/p>\n\n\n\n<h2>GDPR Data Protection Rights<\/h2>\n\n\n\n<p>We would like to make sure you are fully aware of all of your data protection rights. Every user is entitled to the following:<\/p>\n\n\n\n<p>The right to access \u2013 You have the right to request copies of your personal data. We may charge you a small fee for this service.<\/p>\n\n\n\n<p>The right to rectification \u2013 You have the right to request that we correct any information you believe is inaccurate. You also have the right to request that we complete the information you believe is incomplete.<\/p>\n\n\n\n<p>The right to erasure \u2013 You have the right to request that we erase your personal data, under certain conditions.<\/p>\n\n\n\n<p>The right to restrict processing \u2013 You have the right to request that we restrict the processing of your personal data, under certain conditions.<\/p>\n\n\n\n<p>The right to object to processing \u2013 You have the right to object to our processing of your personal data, under certain conditions.<\/p>\n\n\n\n<p>The right to data portability \u2013 You have the right to request that we transfer the data that we have collected to another organization, or directly to you, under certain conditions.<\/p>\n\n\n\n<p>If you make a request, we have one month to respond to you. If you would like to exercise any of these rights, please contact us.<\/p>\n\n\n\n<h2>Children&#8217;s Information<\/h2>\n\n\n\n<p>Another part of our priority is adding protection for children while using the internet. We encourage parents and guardians to observe, participate in, and\/or monitor and guide their online activity.<\/p>\n\n\n\n<p>HoneyPot Contract does not knowingly collect any Personal Identifiable Information from children under the age of 13. If you think that your child provided this kind of information on our website, we strongly encourage you to contact us immediately and we will do our best efforts to promptly remove such information from our records.<\/p>\n","protected":false},"excerpt":{"rendered":"<p>Privacy Policy for HoneyPot Contract At HoneyPot Contract, accessible from www.HoneyPotContract.com, one of our main priorities is the privacy of our visitors. This Privacy Policy document contains types of information that is collected and recorded by HoneyPot Contract and how we use it. If you have additional questions or require more information about our Privacy &hellip;<\/p>\n<p class=\"read-more\"> <a class=\"\" href=\"https:\/\/www.honeypotcontract.com\/privacy-policy\/\"> <span class=\"screen-reader-text\">Privacy Policy<\/span> Read More &raquo;<\/a><\/p>\n","protected":false},"author":1,"featured_media":0,"parent":0,"menu_order":0,"comment_status":"closed","ping_status":"open","template":"","meta":{"site-sidebar-layout":"","site-content-layout":"","ast-main-header-display":"","ast-hfb-above-header-display":"","ast-hfb-mobile-header-display":"","site-post-title":"","ast-breadcrumbs-content":"","ast-featured-img":"","footer-sml-layout":"","theme-transparent-header-meta":"","adv-header-id-meta":"","stick-header-meta":"","header-above-stick-meta":"","header-main-stick-meta":"","header-below-stick-meta":""},"_links":{"self":[{"href":"https:\/\/www.honeypotcontract.com\/wp-json\/wp\/v2\/pages\/3"}],"collection":[{"href":"https:\/\/www.honeypotcontract.com\/wp-json\/wp\/v2\/pages"}],"about":[{"href":"https:\/\/www.honeypotcontract.com\/wp-json\/wp\/v2\/types\/page"}],"author":[{"embeddable":true,"href":"https:\/\/www.honeypotcontract.com\/wp-json\/wp\/v2\/users\/1"}],"replies":[{"embeddable":true,"href":"https:\/\/www.honeypotcontract.com\/wp-json\/wp\/v2\/comments?post=3"}],"version-history":[{"count":4,"href":"https:\/\/www.honeypotcontract.com\/wp-json\/wp\/v2\/pages\/3\/revisions"}],"predecessor-version":[{"id":1957,"href":"https:\/\/www.honeypotcontract.com\/wp-json\/wp\/v2\/pages\/3\/revisions\/1957"}],"wp:attachment":[{"href":"https:\/\/www.honeypotcontract.com\/wp-json\/wp\/v2\/media?parent=3"}],"curies":[{"name":"wp","href":"https:\/\/api.w.org\/{rel}","templated":true}]}}